Map Label,Asset Name,Quantity,Lat,Lng
Trash Can,Turf Trash Can,2,37.7444541877,-122.44032658
Trash Can,Turf Trash Cans,3,37.7592866465,-122.427280143
Trash Can,Concrete Pathway Trash Cans,7,37.7582994788,-122.425990875
Trash Can,Picnic Area 4 Trash Cans,1,37.7590335586,-122.427014077
Trash Can,Children's Play Area Trash Cans,2,37.7589805531,-122.426787856
Trash Can,Children's Play Area Trash Cans,2,37.7588445809,-122.426677242
Trash Can,Perennial Bed Trash Cans,3,37.7599982028,-122.428104489
Trash Can,Picnic Area 2 Trash Cans,4,37.7510827782,-122.404450836
Trash Can,Picnic Area 2 Trash Cans,4,37.7510931201,-122.404453375
Trash Can,Picnic Area 2 Trash Cans,4,37.7510648299,-122.404444121
Trash Can,Turf Trash Cans,5,37.7509751355,-122.404955874
Trash Can,Turf Trash Cans,5,37.7512343607,-122.405756781
Trash Can,Turf Trash Cans,5,37.7511356527,-122.405374676
Trash Can,Picnic Area 1 Trash Cans,4,37.7504263776,-122.404441193
Trash Can,Picnic Area 1 Trash Cans,4,37.7504311234,-122.40442441
Trash Can,Picnic Area 1 Trash Cans,4,37.750439131,-122.404413346
Trash Can,Picnic Area 1 Trash Cans,4,37.7504493309,-122.404405154
Trash Can,Performance Space Trash Cans,1,37.7503635071,-122.404801621
Trash Can,Concrete Pathway Trash Cans,2,37.7501539192,-122.405341082
Trash Can,Turf Trash Cans,5,37.7501322673,-122.405046418
Trash Can,Asphalt Pathway Trash Cans,2,37.7609411558,-122.426323259
Trash Can,Asphalt Pathway Trash Cans,2,37.7613227927,-122.426352953
Trash Can,Turf Trash Cans,3,37.7611409352,-122.427285116
Trash Can,Concrete Pathway Trash Cans,7,37.7597065124,-122.42682384
Trash Can,Concrete Pathway Trash Cans,7,37.7595886347,-122.426796371
Trash Can,Picnic Area 3 Trash Cans,1,37.7595802504,-122.427375575
Trash Can,Concrete Pathway Trash Cans,7,37.759752868,-122.426150544
Trash Can,North Pathway Trash Cans,2,37.8010972907,-122.410225589
Trash Can,North East Pathway PB Trash Cans,2,37.801015431,-122.409513032
Trash Can,Lawn Area Trashcan,8,37.7914350711,-122.438779128
Trash Can,North East Pathway PB Trash Cans,2,37.8011194221,-122.409983531
Trash Can,Lawn Area Trashcan,8,37.7917185111,-122.437950136
Trash Can,Lawn Area Trashcan,8,37.791744784,-122.437672234
Trash Can,Pathway Trash Cans,5,37.8004972715,-122.409315438
Trash Can,Pathway Trash Cans,5,37.8012589688,-122.409440903
Trash Can,Pathway Trash Cans,5,37.8010757767,-122.410912314
Trash Can,Pathway Trash Cans,5,37.8008250661,-122.410767642
Trash Can,Pathway Trash Cans,5,37.8006466397,-122.410515779
Trash Can,Basketball Court Trash Can,1,37.7838311676,-122.451238417
Trash Can,Tennis Court Trash Can,1,37.7839184251,-122.451624015
Trash Can,Softball Trash Can,1,37.7841499862,-122.450672583
Trash Can,Children's Play Area Trash Can,1,37.7837492825,-122.451096727
Trash Can,Hardscaped Area Trash Cans,2,37.7828559881,-122.490973648
Trash Can,Hardscaped Area Trash Cans,2,37.7828757497,-122.490641662
Trash Can,North Pathway Trash Cans,2,37.801073123,-122.410436826
Trash Can,Tennis Court 1 Trash Can,1,37.7851013124,-122.478332389
Trash Can,Basketball Court 1 Trash Can,1,37.7850949949,-122.478302785
Trash Can,Ballfield Trash Can,1,37.7437919324,-122.440498702
Trash Can,Concrete Pathway Trash Cans,2,37.7433079157,-122.441221248
Trash Can,Perennial Bed Trash Cans,1,37.7442491688,-122.440344196
Trash Can,Children's Play Area Trash Can,1,37.7435157475,-122.440207179
Trash Can,Multi-Use Ball Field Trash Cans,2,37.7551258415,-122.3972139
Trash Can,Multi-Use Ball Field Trash Cans,2,37.7554027028,-122.397495278
Trash Can,Softball Field Trash Cans,3,37.7558107429,-122.39645216
Trash Can,Softball Field Trash Cans,3,37.7552955998,-122.396366187
Trash Can,Softball Field Trash Cans,3,37.7560003173,-122.397053013
Trash Can,Turf Trash Cans,8,37.7560322161,-122.397700453
Trash Can,DG Pathway Trash Cans,3,37.7560659012,-122.397704461
Trash Can,DG Pathway Trash Cans,3,37.7561018105,-122.396793816
Trash Can,DG Pathway Trash Cans,3,37.7560928953,-122.396881753
Trash Can,Children's Play Area 2 Trash Cans,1,37.7563628135,-122.396731207
Trash Can,Turf Trash Cans,8,37.7563895588,-122.396933411
Trash Can,Turf Trash Cans,8,37.7563565904,-122.397428498
Trash Can,Turf Trash Cans,8,37.7564912285,-122.397450831
Trash Can,Basketball Court Trash Cans,1,37.7568100856,-122.397078508
Trash Can,Turf Trash Cans,8,37.7569085617,-122.397613952
Trash Can,Turf Trash Cans,8,37.7569024676,-122.397556302
Trash Can,Turf Trash Cans,8,37.7568875628,-122.397500638
Trash Can,Turf Trash Cans,8,37.7568622347,-122.397438074
Trash Can,Children's Play Area Trash Cans,3,37.7391631752,-122.449312332
Trash Can,Children's Play Area Trash Cans,3,37.7391684732,-122.449310995
Trash Can,Children's Play Area Trash Cans,3,37.7391734774,-122.44930965
Trash Can,Softball Field Trash Cans,1,37.7389028555,-122.4493151
Trash Can,Concrete Pathway Trash Cans,2,37.738405856,-122.449043339
Trash Can,Concrete Pathway Trash Cans,2,37.7384394141,-122.449034623
Trash Can,Softball Field Trash Can,1,37.7244177823,-122.473898325
Trash Can,Turf Area Trash Can,1,37.7248628403,-122.473538528
Trash Can,Basketball Court Trash Can,1,37.7249093263,-122.473880523
Trash Can,Multi-Use Paved Playfield Trash Can,2,37.7250779858,-122.473926593
Trash Can,Multi-Use Paved Playfield Trash Can,2,37.7252182277,-122.474142289
Trash Can,Concrete Pathway Trash Cans,1,37.7335478831,-122.421487454
Trash Can,DPA Hardscape Trash Cans,2,37.7326630226,-122.420843228
Trash Can,DPA Hardscape Trash Cans,2,37.7328290944,-122.421008031
Trash Can,Asphalt Pathway Trash Cans,3,37.7637850861,-122.438421061
Trash Can,Asphalt Pathway Trash Cans,3,37.7637404031,-122.438590627
Trash Can,Non-Landscaped Greenspace Trash Cans,1,37.7639207535,-122.438038631
Trash Can,Turf Trash Cans,3,37.7582628717,-122.427781037
Trash Can,Concrete Pathway Trash Cans,7,37.7582509224,-122.426733727
Trash Can,Non-Landscaped Greenspace Trash Cans,1,37.7651872621,-122.440870952
Trash Can,Randall Museum Hardscaped Area Trash Cans,1,37.7652964397,-122.440207991
Trash Can,Dog Play Area Trash Cans,2,37.7653240312,-122.440167878
Trash Can,Dog Play Area Trash Cans,2,37.7653220572,-122.440136197
Trash Can,Natural Area Trash Cans,2,37.7645638252,-122.437078391
Trash Can,Concrete Pathway Trash Cans,1,37.7940907217,-122.417363923
Trash Can,Children's Play Area Trash Cans,1,37.7940626285,-122.417495144
Trash Can,Perennial Bed Trash Cans,1,37.7941717628,-122.417366285
Trash Can,Asphalt Pathway Trash Cans,4,37.7134348285,-122.415983325
Trash Can,Asphalt Pathway Trash Cans,4,37.7134238242,-122.415977804
Trash Can,Asphalt Pathway Trash Cans,4,37.7134114344,-122.415972248
Trash Can,Asphalt Pathway Trash Cans,4,37.7133991004,-122.415963202
Trash Can,Children's Play Area Trash Cans,1,37.7136692306,-122.415980638
Trash Can,Basketball Court Trash Cans,1,37.7141619904,-122.416548445
Trash Can,Children's Play Area Trash Can,4,37.7379823701,-122.484884162
Trash Can,Children's Play Area Trash Can,4,37.7377651988,-122.484870757
Trash Can,Children's Play Area Trash Can,4,37.7377336054,-122.48486421
Trash Can,Children's Play Area Trash Can,4,37.7377646676,-122.484543767
Trash Can,Bob Chaney Field,2,37.7387634629,-122.484849896
Trash Can,Bob Chaney Field,2,37.7387686307,-122.484812013
Trash Can,Turf Trash Can,4,37.7388383716,-122.483589904
Trash Can,Turf Trash Can,4,37.7388444657,-122.483496915
Trash Can,Turf Trash Can,4,37.7388488909,-122.483413388
Trash Can,Turf Trash Can,4,37.73885338,-122.483326059
Trash Can,Picnic Area 2 Trash Cans,4,37.7510730445,-122.404448191
Trash Can,Concrete Pathway Trash Cans,2,37.7506088562,-122.405531754
Trash Can,Turf Trash Cans,5,37.7506844633,-122.40495841
Trash Can,Natural Area Trash Cans,1,37.7336060302,-122.439198748
Trash Can,Natural Area Trash Can,2,37.7557105924,-122.472039216
Trash Can,Natural Area Trash Can,2,37.7563777819,-122.471084302
Trash Can,Asphalt Pathway Trash Cans,3,37.7637378216,-122.438485279
Trash Can,Children's Play Area Trash Cans,1,37.7638752254,-122.399543589
Trash Can,Basketball Court Trash Cans,2,37.7639034759,-122.399566848
Trash Can,Basketball Court Trash Cans,2,37.7638562935,-122.399563839
Trash Can,Tot's Play Area Trash Cans,1,37.7639596614,-122.399188781
Trash Can,Turf Trash Cans,6,37.7640308443,-122.399034654
Trash Can,Turf Trash Cans,6,37.7640305394,-122.399053576
Trash Can,Turf Trash Cans,6,37.7640287169,-122.399077868
Trash Can,Picnic Area Trash Cans,3,37.7642049865,-122.398841692
Trash Can,Picnic Area Trash Cans,3,37.764176823,-122.398813027
Trash Can,Picnic Area Trash Cans,3,37.7641433082,-122.39885003
Trash Can,Turf Trash Cans,6,37.76411653,-122.398957519
Trash Can,Turf Trash Cans,6,37.7641625827,-122.398897399
Trash Can,Trash Cans,19,37.7761260762,-122.433403874
Trash Can,Trash Cans,19,37.7758672975,-122.434412547
Trash Can,Trash Cans,19,37.7762230909,-122.436193156
Trash Can,Trash Cans,19,37.7768695635,-122.435169615
Trash Can,Trash Cans,19,37.7765494292,-122.436022492
Trash Can,Trash Cans,19,37.7768119374,-122.435817143
Trash Can,Trash Cans,19,37.7766196804,-122.435695492
Trash Can,Trash Cans,19,37.7763033085,-122.435010848
Trash Can,Trash Cans,19,37.7758818731,-122.435482238
Trash Can,Trash Cans,19,37.7757541489,-122.435841777
Trash Can,Trash Cans,19,37.775928084,-122.435190854
Trash Can,Trash Cans,19,37.7758063441,-122.434784955
Trash Can,Trash Cans,19,37.7759199816,-122.434535646
Trash Can,Trash Cans,19,37.7764863703,-122.434617761
Trash Can,Trash Cans,19,37.7765155794,-122.43477621
Trash Can,Trash Cans,19,37.7764132107,-122.433652651
Trash Can,Turf Trash Cans,5,37.7819665063,-122.42662414
Trash Can,Concrete Pathway Trash Can,2,37.7096232991,-122.447016648
Trash Can,Basketball Court Trash Can,1,37.7096537757,-122.44708553
Trash Can,Tennis Court Trash Can,1,37.7097526772,-122.44679421
Trash Can,Turf Trash Cans,1,37.7256759041,-122.393147432
Trash Can,Children's Play Area Trash Cans,1,37.7258560017,-122.393388364
Trash Can,Concrete Pathway Trash Cans,3,37.7733260193,-122.427062304
Trash Can,Concrete Pathway Trash Cans,3,37.7733414249,-122.426956659
Trash Can,Children's Play Area Trash Cans,1,37.7732501345,-122.426702291
Trash Can,Concrete Pathway Trash Cans,3,37.7732605888,-122.426410516
Trash Can,Parking Lot Trash Can,4,37.7834620551,-122.477732683
Trash Can,Parking Lot Trash Can,4,37.7834622501,-122.477721058
Trash Can,Parking Lot Trash Can,4,37.7834624384,-122.477709835
Trash Can,Parking Lot Trash Can,4,37.7834629639,-122.477697417
Trash Can,Concrete Paths Trash Can,2,37.7833089783,-122.477807609
Trash Can,Concrete Paths Trash Can,2,37.7832619468,-122.477803148
Trash Can,Picnic Area Trash Cans,1,37.8012767891,-122.416841817
Trash Can,Sharon Meadow Trash Can,10,37.7688946577,-122.456562896
Trash Can,Sharon Meadow Trash Can,10,37.7692453009,-122.456485056
Trash Can,Koret Playground Trash Can,3,37.7684045058,-122.457279541
Trash Can,Koret Playground Trash Can,3,37.7683668382,-122.45741034
Trash Can,Herschel-Spillman Carousel Trash Can,3,37.7681295331,-122.457862998
Trash Can,Herschel-Spillman Carousel Trash Can,3,37.7681653649,-122.457842762
Trash Can,Koret Playground Trash Can,3,37.7682192226,-122.457637083
Trash Can,Carousel Concession Stand Trash Can,1,37.7680187479,-122.458234268
Trash Can,Herschel-Spillman Carousel Trash Can,3,37.7679809397,-122.458148549
Trash Can,Koret Playground Trash Can,3,37.7678955712,-122.458339277
Trash Can,Koret Playground Trash Can,3,37.7680796896,-122.458501809
Trash Can,Natural Area Trash Cans,2,37.7651651797,-122.438520595
Trash Can,Asphalt Pathway Trash Cans,4,37.7627858778,-122.451930071
Trash Can,Annual Beds Trash Cans,1,37.762852418,-122.451569508
Trash Can,Asphalt Pathway Trash Cans,4,37.7626058274,-122.452050328
Trash Can,Asphalt Pathway Trash Cans,4,37.7626069114,-122.452040005
Trash Can,Asphalt Pathway Trash Cans,4,37.7626091932,-122.452030864
Trash Can,DG Pathway Trash Cans,1,37.751709348,-122.438916789
Trash Can,Concrete Pathway Trash Cans,7,37.7596956556,-122.426104672
Trash Can,CPA Trash Can,1,37.788442121,-122.449748193
Trash Can,Concrete Pathway Trash Cans,7,37.795510735,-122.397127836
Trash Can,Concrete Pathway Trash Cans,7,37.7955198144,-122.397025115
Trash Can,Concrete Pathway Trash Cans,7,37.7962239484,-122.397463027
Trash Can,Concrete Pathway Trash Can,4,37.7698666295,-122.431968254
Trash Can,Asphalt Pathway Trash Cans,3,37.7495337883,-122.412492298
Trash Can,Asphalt Pathway Trash Cans,3,37.7497179706,-122.41224622
Trash Can,Concrete Hardscaped Area Trash Cans,2,37.749923446,-122.406489781
Trash Can,Concrete Hardscaped Area Trash Cans,2,37.7499248127,-122.406486188
Trash Can,Baseball Field 1 Trash Cans,2,37.7498523672,-122.406521622
Trash Can,Baseball Field 1 Trash Cans,2,37.7498935534,-122.406439089
Trash Can,Children's Play Area Trash Cans,5,37.7581476156,-122.413064756
Trash Can,Parking Lot Trash Can,1,37.758061595,-122.412804241
Trash Can,Children's Play Area Trash Cans,2,37.7503570353,-122.406416279
Trash Can,Perennial Bed Trash Cans,3,37.7589672332,-122.428079706
Trash Can,Perennial Bed Trash Cans,3,37.7604789491,-122.428220915
Trash Can,Concrete Pathway Trash Cans,7,37.7598883293,-122.426164961
Trash Can,Concrete Pathway Trash Can,4,37.7694384926,-122.433984424
Trash Can,Children's Play Area Trash Can,1,37.7694786092,-122.433592424
Trash Can,Concrete Pathway Trash Can,1,37.7974104242,-122.444890265
Trash Can,Baseball Field Trash Can,1,37.7438894197,-122.479719468
Trash Can,Turf Trash Can,1,37.7446494103,-122.479126599
Trash Can,Children's Play Area Trash Can,1,37.7437476588,-122.480921303
Trash Can,DG Paths Trash Cans,3,37.7605167288,-122.390656711
Trash Can,DG Paths Trash Cans,3,37.7604887483,-122.391231899
Trash Can,LA Trash Cans,4,37.7609342434,-122.391347553
Trash Can,LA Trash Cans,4,37.7615162531,-122.391141077
Trash Can,LA Trash Cans,4,37.761525,-122.390929833
Trash Can,LA Trash Cans,4,37.7615185149,-122.390809107
Trash Can,DG Paths Trash Cans,3,37.761223136,-122.390733081
Trash Can,Non-Landscaped Greenspace Trash Can,1,37.7499342151,-122.469248677
Trash Can,Children's Play Area Trash Can,1,37.7501056604,-122.468844117
Trash Can,Asphalt Pathway Trash Can,1,37.7501449234,-122.468690373
Trash Can,DG Pathway Trash Can,1,37.7309405521,-122.480394284
Trash Can,Dog Play Area Trash Cans,3,37.7817055535,-122.426007358
Trash Can,Turf Trash Cans,5,37.7820728647,-122.425896017
Trash Can,Turf Trash Cans,5,37.7822352026,-122.424559961
Trash Can,Dog Play Area Trash Cans,3,37.7819010663,-122.426020929
Trash Can,Concrete Pathway Trash Cans,5,37.7819904398,-122.425874361
Trash Can,Turf Trash Cans,5,37.7815329268,-122.425236603
Trash Can,Turf Trash Cans,5,37.781774335,-122.425305916
Trash Can,Dog Play Area Trash Cans,3,37.7815696772,-122.426687419
Trash Can,Hardscaped Area Trash Can,3,37.7174804616,-122.470149003
Trash Can,Hardscaped Area Trash Can,3,37.7174863108,-122.470149158
Trash Can,CPA Trash Can (30),1,37.8015147285,-122.43167632
Trash Can,Tennis Court 3 Trash Can (30),1,37.8017949649,-122.431898045
Trash Can,Asphalt Pathway  30 Gallon Trash Can,10,37.8028784897,-122.432616619
Trash Can,Asphalt Pathway  30 Gallon Trash Can,10,37.8025566304,-122.432089939
Trash Can,Asphalt Pathway Sunset 55 Gallon Trash Can,1,37.8016634894,-122.432338474
Trash Can,Asphalt Pathway 30 Gallon Trash Can,3,37.8017000927,-122.432061775
Trash Can,Asphalt Pathway  30 Gallon Trash Can,10,37.8025072791,-122.433929511
Trash Can,Asphalt Pathway  30 Gallon Trash Can,10,37.8025066903,-122.433914858
Trash Can,Asphalt Pathway 55 Gallon Trash Can,5,37.8025069989,-122.433896044
Trash Can,Asphalt Pathway 55 Gallon Trash Can,5,37.8025080676,-122.433881432
Trash Can,Asphalt Pathway 55 Gallon Trash Can,5,37.8025083932,-122.433861574
Trash Can,Asphalt Pathway  30 Gallon Trash Can,10,37.8027731756,-122.433652021
Trash Can,Asphalt Pathway  30 Gallon Trash Can,10,37.8027599929,-122.43364645
Trash Can,Softball Field 3 Trash Can (30),2,37.80176877,-122.43357528
Trash Can,Softball Field 3 Trash Can (30),2,37.8016635075,-122.433417
Trash Can,Asphalt Pathway  Sunset Scav. 55 Gallon Trash Can,4,37.8014840617,-122.431900084
Trash Can,Asphalt Pathway  Sunset Scav. 55 Gallon Trash Can,4,37.8014944062,-122.431901661
Trash Can,Asphalt Pathway  Sunset Scav. 55 Gallon Trash Can,4,37.8015088767,-122.431904651
Trash Can,Asphalt Pathway  Sunset Scav. 55 Gallon Trash Can,4,37.8015212957,-122.431906281
Trash Can,Picnic Area Trash Can,2,37.8016137784,-122.433477136
Trash Can,Picnic Area Trash Can,2,37.8014886227,-122.433773189
Trash Can,Picnic Area Trash Can,2,37.8012787829,-122.433731127
Trash Can,Picnic Area Trash Can,2,37.801321749,-122.43332445
Trash Can,Turf Trash Cans,3,37.7962285863,-122.39666676
Trash Can,DPA Turf Trash Cans,3,37.7905951495,-122.438211561
Trash Can,Lawn Area Trashcan,8,37.7904358357,-122.438170933
Trash Can,DPA Turf Trash Cans,3,37.7907564934,-122.436807651
Trash Can,Lawn Area Trashcan,8,37.7913277246,-122.436535859
Trash Can,Lawn Area Trashcan,8,37.791794705,-122.436541958
Trash Can,Play Structure Trash Cans,3,37.7910524718,-122.438013802
Trash Can,Play Structure Trash Cans,3,37.7910536392,-122.437996568
Trash Can,Play Structure Trash Cans,3,37.7910558001,-122.437972675
Trash Can,Play Area Trash Cans,6,37.7908809387,-122.438546728
Trash Can,Play Area Trash Cans,6,37.790887608,-122.43855148
Trash Can,Play Area Trash Cans,6,37.7908924809,-122.438554877
Trash Can,Play Area Trash Cans,6,37.7908960584,-122.438558239
Trash Can,Play Area Trash Cans,6,37.7909001441,-122.43856227
Trash Can,Play Area Trash Cans,6,37.7909052567,-122.438566981
Trash Can,Lawn Area Trashcan,8,37.7905743498,-122.437003518
Trash Can,DPA Turf Trash Cans,3,37.790704319,-122.437182462
Trash Can,Lawn Area Trashcan,8,37.790874581,-122.43705178
Trash Can,Concrete Pathway Trash Cans,2,37.7429417473,-122.440325241
Trash Can,Concrete Pathway Trash Can,1,37.7976511671,-122.419238858
Trash Can,Children's Play Area Trash Cans,1,37.7087731657,-122.41360251
Trash Can,Concrete Pathway Trash Can,1,37.8065866866,-122.419021935
Trash Can,Tennis Court Trash Can,1,37.7847906349,-122.48496574
Trash Can,Paved Multi-use Play Area  2 Trash Can,2,37.7849593116,-122.484975056
Trash Can,Paved Multi-use Play Area  2 Trash Can,2,37.7850267917,-122.484762927
Trash Can,Picnic Area Trash Can,1,37.78499427,-122.484711578
Trash Can,Asphalt Pathway Trash Can,3,37.7850293256,-122.484725735
Trash Can,Asphalt Pathway Trash Can,3,37.7850304,-122.484718553
Trash Can,Asphalt Pathway Trash Can,3,37.7849043731,-122.484331337
Trash Can,Tot's Play Area Trash Can,1,37.7848444404,-122.484291554
Trash Can,Children's Play Area Trash Cans,2,37.7504862534,-122.406347783
Trash Can,Children's Play Area Trash Cans,2,37.7502530968,-122.406610863
Trash Can,Asphalt Pathway Trash Cans,3,37.749619645,-122.412539098
Trash Can,Children's Play Area Trash Cans,5,37.7580900386,-122.413239918
Trash Can,Children's Play Area Trash Cans,5,37.7580816581,-122.413239199
Trash Can,Children's Play Area Trash Cans,5,37.7580814224,-122.413229126
Trash Can,Children's Play Area Trash Cans,5,37.7580827847,-122.413219096
Trash Can,Turf Trash Cans,1,37.7335389935,-122.447073954
Trash Can,Asphalt Pathway Trash Cans,4,37.7335992191,-122.447395293
Trash Can,Asphalt Pathway Trash Cans,4,37.7337078437,-122.447691378
Trash Can,Asphalt Pathway Trash Cans,4,37.7338403778,-122.4483108
Trash Can,Asphalt Pathway Trash Cans,4,37.733448159,-122.448380234
Trash Can,Erle Field Trash Can,1,37.748094947,-122.49896275
Trash Can,Multi-Use Paved Playfield Trash Can,1,37.7478388261,-122.497650612
Trash Can,Asphalt Pathway Trash Cans,15,37.7913102192,-122.428593381
Trash Can,Dog Play Area Trash Cans,2,37.7917736646,-122.427488136
Trash Can,Asphalt Pathway Trash Cans,15,37.7910435642,-122.427347093
Trash Can,Concrete Pathway Trash Cans,5,37.7820055243,-122.425561804
Trash Can,Concrete Pathway Trash Cans,5,37.7823373529,-122.424496796
Trash Can,Concrete Pathway Trash Cans,5,37.7818988155,-122.425744777
Trash Can,Concrete Pathway Trash Cans,5,37.7820684036,-122.42564338
Trash Can,Asphalt Pathway Trash Cans,5,37.782337428,-122.435550883
Trash Can,Turf Trash Cans,1,37.7842049205,-122.435743588
Trash Can,Multi-Use Paved Play Area Trash Cans,2,37.784282217,-122.436151998
Trash Can,Children's Play Area 1 Trash Cans,1,37.7843140142,-122.435950121
Trash Can,Children's Play Area 2 Trash Cans,1,37.7844323543,-122.435371868
Trash Can,Turf Trash Cans,1,37.770404685,-122.4419903
Trash Can,Perennial Bed Trash Cans,9,37.7701178348,-122.442071922
Trash Can,Natural Area Trash Cans,5,37.770094927,-122.441126425
Trash Can,Natural Area Trash Cans,5,37.7698135104,-122.441883709
Trash Can,Perennial Bed Trash Cans,4,37.7463784215,-122.438179098
Trash Can,Perennial Bed Trash Cans,4,37.7479895936,-122.438303041
Trash Can,Perennial Bed Trash Cans,4,37.7479760945,-122.438301103
Trash Can,Perennial Bed Trash Cans,4,37.7479651123,-122.438299232
Trash Can,Natural Area Trash Cans,5,37.7699873934,-122.440193292
Trash Can,Perennial Bed Trash Cans,9,37.7693264655,-122.438958434
Trash Can,Perennial Bed Trash Cans,9,37.7690622036,-122.438836094
Trash Can,Perennial Bed Trash Cans,9,37.7692495336,-122.439535816
Trash Can,Perennial Bed Trash Cans,9,37.7682554422,-122.439634014
Trash Can,Non-Landscaped Greenspace Trash Cans,2,37.7687647508,-122.440520749
Trash Can,Perennial Bed Trash Cans,9,37.768297915,-122.440835274
Trash Can,Perennial Bed Trash Cans,9,37.7676624138,-122.4415222
Trash Can,Perennial Bed Trash Cans,9,37.7663197725,-122.442101326
Trash Can,Perennial Bed Trash Cans,9,37.767595065,-122.443092078
Trash Can,Concrete Hardscaped Area Trash Cans,3,37.7203779805,-122.432827319
Trash Can,Concrete Hardscaped Area Trash Cans,3,37.7206424067,-122.432700795
Trash Can,Picnic Area Trash Cans,1,37.7202994523,-122.43344781
Trash Can,Concrete Hardscaped Area Trash Cans,3,37.7200874163,-122.433434268
Trash Can,Children's Play Area 2 Trash Cans,1,37.7201683395,-122.433750678
Trash Can,Concrete Pathway Trash Cans,1,37.7805518975,-122.426966996
Trash Can,Multi-Use Paved Play Area Trash Cans,1,37.7807888424,-122.425575948
Trash Can,Asphalt Hardscaped Area Trash Cans,5,37.7348183411,-122.390020733
Trash Can,Asphalt Hardscaped Area Trash Cans,5,37.7348184506,-122.390013907
Trash Can,Asphalt Hardscaped Area Trash Cans,5,37.7348197861,-122.390008687
Trash Can,Asphalt Hardscaped Area Trash Cans,5,37.7348244416,-122.390004602
Trash Can,Asphalt Hardscaped Area Trash Cans,5,37.7348307982,-122.389998459
Trash Can,Multi-Use Paved Play Area Trash Can,2,37.75165849,-122.465194503
Trash Can,Tennis Court 3 Trash Can,1,37.7519454499,-122.464787659
Trash Can,Tennis Court 1 Trash Can,1,37.7519245362,-122.465298027
Trash Can,Tennis Court 1 Trash Cans,1,37.7660927944,-122.438238814
Trash Can,Brick Hardscape Area Trash Cans,4,37.7961080957,-122.396386463
Trash Can,Brick Hardscape Area Trash Cans,4,37.7961352466,-122.396362581
Trash Can,Brick Hardscape Area Trash Cans,4,37.7961652924,-122.396337787
Trash Can,Brick Hardscape Area Trash Cans,4,37.796194342,-122.396312624
Trash Can,Turf Trash Cans,3,37.7962059399,-122.396623946
Trash Can,Turf Trash Cans,3,37.796321052,-122.39616086
Trash Can,Concrete Pathway Trash Cans,7,37.7957731369,-122.397709291
Trash Can,Concrete Pathway Trash Cans,7,37.7957645165,-122.397706572
Trash Can,Concrete Pathway Trash Cans,7,37.7956611684,-122.397861684
Trash Can,Concrete Pathway Trash Cans,7,37.7957783995,-122.397648564
Trash Can,Multi-Use Paved Area Trash Can,2,37.7935241409,-122.406949805
Trash Can,Multi-Use Paved Area Trash Can,2,37.7936227593,-122.407095486
Trash Can,Parking Lot Trash Can,2,37.736032788,-122.478563427
Trash Can,Parking Lot Trash Can,2,37.7359959601,-122.478357321
Trash Can,Turf Trash Cans,3,37.7472280389,-122.411091814
Trash Can,Asphalt Pathway  30 Gallon Trash Can,10,37.8015011698,-122.433859121
Trash Can,Asphalt Pathway 55 Gallon Trash Can,5,37.8012501521,-122.434265827
Trash Can,Asphalt Pathway 55 Gallon Trash Can,5,37.8012393427,-122.43426194
Trash Can,Asphalt Pathway  30 Gallon Trash Can,10,37.8012218618,-122.434176384
Trash Can,Asphalt Pathway  30 Gallon Trash Can,10,37.8012003949,-122.434508295
Trash Can,Tennis Court 2 Trash Can (30),1,37.8018116854,-122.434049377
Trash Can,Tennis Court 1 Sunset Trash Can (50),1,37.8019230963,-122.434457745
Trash Can,Basketball Court 1 Trash Can (30),1,37.8021701734,-122.434502538
Trash Can,Basketball Court 1 Trash Can (50),1,37.8021586291,-122.434499498
Trash Can,Asphalt Pathway 30 Gallon Trash Can,3,37.8022086562,-122.434295792
Trash Can,Asphalt Pathway 30 Gallon Trash Can,3,37.802399962,-122.434366769
Trash Can,Asphalt Pathway  30 Gallon Trash Can,10,37.8022543479,-122.431754226
Trash Can,24th & York Trash Cans,2,37.7530637691,-122.408605725
Trash Can,24th & York Trash Cans,2,37.7529343352,-122.408528814
Trash Can,Shrubbery Trash Cans,2,37.7101856977,-122.397973707
Trash Can,Shrubbery Trash Cans,2,37.7101794485,-122.397975226
Trash Can,Concrete Pathway Trash Cans,1,37.7100750036,-122.39805539
Trash Can,Perennial Bed Trash Cans,1,37.7099250145,-122.398119838
Trash Can,Children's Play Area 2 Trash Cans,3,37.7223315373,-122.414239022
Trash Can,Children's Play Area 2 Trash Cans,3,37.7223158794,-122.414237693
Trash Can,Children's Play Area 2 Trash Cans,3,37.7223455669,-122.414240336
Trash Can,Concrete Pathway Trash Cans,3,37.7217716055,-122.413867853
Trash Can,Concrete Pathway Trash Cans,3,37.7217712854,-122.41385638
Trash Can,Concrete Pathway Trash Cans,3,37.7217272105,-122.413766715
Trash Can,Children's Play Area 1 Trash Cans,1,37.7223669363,-122.412941191
Trash Can,Softball Field 2 Trash Cans,1,37.7235236827,-122.413200354
Trash Can,Stairway Trash Can,1,37.7502978916,-122.468685819
Trash Can,Multi-Use Paved Play Area Trash Can,2,37.7516600757,-122.465185671
Trash Can,Hardscaped Area Trash Can,3,37.7174721055,-122.470148782
Trash Can,Children's Play Area Trash Cans,3,37.8022421691,-122.412442148
Trash Can,Children's Play Area Trash Cans,3,37.8022675253,-122.412230642
Trash Can,Children's Play Area Trash Cans,3,37.8022173298,-122.412185669
Trash Can,Multi-Use Play Area Trash Can,1,37.7325788559,-122.402296571
Trash Can,Picnic Area 1 Trash Cans,1,37.7378725906,-122.419684518
Trash Can,Perennial Bed Trash Cans,2,37.7371294256,-122.419016702
Trash Can,Restroom/Pump Storage Room Trash Cans,2,37.7371504335,-122.420566847
Trash Can,Restroom/Pump Storage Room Trash Cans,2,37.7370907164,-122.420607441
Trash Can,Hardscaped Area Trash Cans,3,37.7922480309,-122.412208224
Trash Can,Hardscaped Area Trash Cans,3,37.7922013943,-122.41206944
Trash Can,Hardscaped Area Trash Cans,3,37.7920952975,-122.412123324
Trash Can,Hardscape Area Perimeter Trash Cans,4,37.7918516112,-122.412131779
Trash Can,Hardscape Area Perimeter Trash Cans,4,37.7921616595,-122.412395604
Trash Can,Turf Trash Can,3,37.7923463666,-122.412315153
Trash Can,Turf Trash Can,3,37.7923644594,-122.412169995
Trash Can,Turf Trash Can,3,37.7923763942,-122.412057735
Trash Can,Hardscape Area Perimeter Trash Cans,4,37.792505305,-122.412218765
Trash Can,Hardscape Area Perimeter Trash Cans,4,37.7921775963,-122.411936696
Trash Can,Turf Trash Cans,6,37.7646037926,-122.398917691
Trash Can,Softball Field Trash Cans,2,37.7421913495,-122.427159714
Trash Can,Trash Cans,19,37.777002402,-122.434350557
Trash Can,Trash Cans,19,37.7769912644,-122.434760876
Trash Can,Trash Cans,19,37.7761297942,-122.43411698
Trash Can,Tennis Court Trash Cans,1,37.7425186701,-122.428085985
Trash Can,Children's Play Area Trash Cans,1,37.7426158673,-122.428213475
Trash Can,Hardscape Trash Can,5,37.7423487609,-122.428322392
Trash Can,Hardscape Trash Can,5,37.7423515318,-122.42829686
Trash Can,Hardscape Trash Can,5,37.7423532229,-122.428206845
Trash Can,Hardscape Trash Can,5,37.7423586704,-122.428100577
Trash Can,Hardscape Trash Can,5,37.7423572618,-122.428128061
Trash Can,Turf Trash Cans,1,37.7844531501,-122.437880431
Bench,Tennis Court 1 Trash Cans,1,37.7844486443,-122.436159017
Trash Can,Concrete Pathway Trash Can,4,37.7700691004,-122.435017273
Trash Can,Concrete Pathway Trash Can,4,37.7692679483,-122.434829873
Trash Can,Concrete Hardscaped Area Trash Can,15,37.7878132681,-122.407417138
Trash Can,Concrete Hardscaped Area Trash Can,15,37.7877522265,-122.407404251
Trash Can,Concrete Hardscaped Area Trash Can,15,37.7878515456,-122.407120728
Trash Can,Concrete Hardscaped Area Trash Can,15,37.7877950191,-122.407081202
Trash Can,Concrete Hardscaped Area Trash Can,15,37.7876198442,-122.407156969
Trash Can,Concrete Hardscaped Area Trash Can,15,37.787642948,-122.406990857
Trash Can,Concrete Hardscaped Area Trash Can,15,37.7878860117,-122.407009448
Trash Can,Softball Field Trash Cans,2,37.742180715,-122.427182754
Trash Can,Natural Area Trash Cans,2,37.7377058872,-122.440772002
Trash Can,Natural Area Trash Cans,2,37.7379402922,-122.440850879
Trash Can,Turf Trash Cans,1,37.7375442683,-122.420759234
Trash Can,Perennial Bed Trash Cans,2,37.7372800777,-122.419379216
Trash Can,Tennis Court 2 Trash Cans,1,37.8017279341,-122.42006269
Trash Can,Tennis Court 1 Trash Cans,1,37.8015709134,-122.420438249
Trash Can,Tennis Court 3 Trash Cans,1,37.801643563,-122.419814612
Trash Can,Basketball Court Trash Cans,1,37.8013676866,-122.420187849
Trash Can,Annex Bathroom Trash Can,1,37.7779885131,-122.45769265
Trash Can,Lawn Area Trash Can,2,37.7781965802,-122.458062059
Trash Can,Tennis Court 1 Trash Can,1,37.7791400841,-122.458114462
Trash Can,Lawn Area Trash Can,2,37.779277046,-122.457030198
Trash Can,Tennis Court Trash Can,9,37.7696607416,-122.459599725
Trash Can,Tennis Court Trash Can,9,37.7696859057,-122.458934214
Trash Can,Lawn Area Trash Can,2,37.7799700302,-122.464956625
Trash Can,Lawn Area Trash Can,2,37.7799808956,-122.464934334
Trash Can,Asphalt Pathway Trash Cans,6,37.7370198956,-122.440766464
Trash Can,Asphalt Pathway Trash Cans,6,37.7368872259,-122.440729309
Trash Can,Children's Play Area Trash Cans,1,37.7369165311,-122.440681272
Trash Can,Asphalt Pathway Trash Cans,6,37.7370637991,-122.441066693
Trash Can,Asphalt Pathway Trash Cans,6,37.7370535123,-122.441062987
Trash Can,Asphalt Pathway Trash Cans,6,37.7370456447,-122.441061446
Trash Can,Asphalt Pathway Trash Cans,6,37.7370319082,-122.441057401
Trash Can,Ballfield 2 Trash Cans,4,37.7361549767,-122.441245037
Trash Can,Ballfield 2 Trash Cans,4,37.7363760257,-122.441394502
Trash Can,Ballfield 2 Trash Cans,4,37.7363545883,-122.441402206
Trash Can,Ballfield 2 Trash Cans,4,37.7364639812,-122.44135221
Trash Can,Silver Tree Day Camp Grounds Trash Cans,1,37.7407295035,-122.44217606
Trash Can,Tennis Court 1 Trash Cans,1,37.7912405576,-122.454840976
Trash Can,Concrete Pathway Trash Cans,2,37.7908781935,-122.45383675
Trash Can,Concrete Pathway Trash Cans,2,37.7908659527,-122.453831281
Trash Can,Asphalt Pathway Trash Cans,1,37.7908498776,-122.454053005
Trash Can,Trash Can 3,1,37.7868943642,-122.466884613
Trash Can,Trash Can 4,1,37.78688794,-122.466884198
Trash Can,Trash Can 5,1,37.7874606102,-122.469256131
Trash Can not found,Trash Can 6,1,37.7874694735,-122.469364439
Trash Can,DG Path Trash Can,2,37.7872496605,-122.47124944
Trash Can,DG Path Trash Can,2,37.7872502953,-122.471211471
Trash Can,Trash Can 7,1,37.7868653549,-122.470429408
Trash Can,CPA Trash Can 1,1,37.7868063422,-122.471337725
Trash Can,CPA Trash Can 2,1,37.7868085534,-122.471310206
Trash Can,Trash Can 1,1,37.7869606026,-122.471692404
Trash Can,Trash Can 2,1,37.7869904193,-122.471694906
Trash Can,Shrubbery Trash Can,1,37.7867453343,-122.471339846
Trash Can not found,Trash Can 8,1,37.7871984818,-122.471633787
Trash Can,Softball Field 2 Trash Can,1,37.7376243739,-122.498681219
Trash Can,Multi-Use Paved Play Area Trash Cans,1,37.7576700004,-122.415172851
Trash Can,Paved Soccer Pitch Trash Cans,1,37.7573885425,-122.415137013
Trash Can,Tennis Court Trash Cans,1,37.7575050152,-122.41555038
Trash Can,Non-Landscaped Greenspace Trash Cans,2,37.7660578175,-122.442417293
Trash Can,Asphalt Pathway Trash Can,2,37.7697684046,-122.442080343
Trash Can,Asphalt Pathway Trash Can,2,37.7698358243,-122.442015843
Trash Can,Natural Area Trash Cans,5,37.7699761548,-122.441601464
Trash Can,Natural Area Trash Cans,5,37.769982802,-122.441581726
Trash Can,Asphalt Pathway Trash Can,2,37.7699750939,-122.440130024
Trash Can,Asphalt Pathway Trash Can,2,37.7699753887,-122.440112113
Trash Can,Lang Field 1 Trash Cans,2,37.7812002518,-122.424989042
Trash Can,Lang Field 1 Trash Cans,2,37.7811690787,-122.425231057
Trash Can,Hardscaped Area Trash Cans,2,37.7810524797,-122.425303487
Trash Can,Turf Trash Cans,1,37.7808269529,-122.425378581
Trash Can,Hardscaped Area Trash Cans,2,37.7805382209,-122.425481874
Trash Can,Basketball Court 1 Trash Cans,1,37.7805024714,-122.426050314
Trash Can,Tennis Court 2 Trash Cans,1,37.7808207028,-122.426632891
Trash Can,Tennis Court 1 Trash Cans,1,37.7809959379,-122.427022713
Trash Can,Concrete Hardscaped Area Trash Can,15,37.7882090772,-122.40713094
Trash Can,Concrete Hardscaped Area Trash Can,15,37.7882073185,-122.407492089
Trash Can,Concrete Hardscaped Area Trash Can,15,37.7881893957,-122.407640841
Trash Can,Concrete Hardscaped Area Trash Can,15,37.7882287009,-122.408038033
Trash Can,Concrete Hardscaped Area Trash Can,15,37.7877647632,-122.407891309
Trash Can,Concrete Hardscaped Area Trash Can,15,37.7876941599,-122.407863769
Trash Can,Concrete Hardscaped Area Trash Can,15,37.7875377601,-122.407889593
Trash Can,Concrete Hardscaped Area Trash Can,15,37.7877321207,-122.407536481
Trash Can,Upper Reservoir Parking Lot Trash Can,1,37.7204295403,-122.417341885
Trash Can,Jerry Garcia Turf Trash Can,1,37.7206466639,-122.417307588
Trash Can,Upper Reservoir Picnic Area Trash Can,7,37.721830418,-122.420841199
Trash Can,Upper Reservoir Picnic Area Trash Can,7,37.7218191177,-122.420836159
Trash Can,Upper Reservoir Picnic Area Trash Can,7,37.7218068305,-122.420830679
Trash Can,Upper Reservoir Picnic Area Trash Can,7,37.7216922949,-122.420339912
Trash Can,Upper Reservoir Picnic Area Trash Can,7,37.7216909178,-122.420323273
Trash Can,Upper Reservoir Picnic Area Trash Can,7,37.721691256,-122.420302527
Trash Can,Upper Reservoir Parking Lot Trash Can,1,37.7219620712,-122.423191708
Trash Can,West Asphalt Pathway Trash Cans,1,37.7231149338,122.424464516
Trash Can,Upper Reservoir Picnic Area Trash Can,7,37.721620549,-122.422180953
Trash Can,Asphalt Pathway Trash Cans,3,37.734471557,-122.376092144
Trash Can,Asphalt Pathway Trash Cans,3,37.7337173473,-122.376293038
Trash Can,Asphalt Pathway Trash Cans,3,37.7337507125,-122.37628175
Trash Can,Turf Trash Cans,3,37.7472220949,-122.410835367
Trash Can,Picnic Area Trash Cans,3,37.7470636583,-122.410814932
Trash Can,Picnic Area Trash Cans,3,37.7470536777,-122.410807405
Trash Can,Picnic Area Trash Cans,3,37.7470429893,-122.41079895
Trash Can,Concrete Pathway Trash Cans,3,37.746944475,-122.411578023
Trash Can,Turf Trash Cans,3,37.7468942721,-122.412403779
Trash Can,Concrete Pathway Trash Cans,3,37.7468711339,-122.413411888
Trash Can,Concrete Pathway Trash Cans,3,37.7468737956,-122.413398435
Trash Can,Turf Trash Cans,1,37.7855005233,-122.442440674
Trash Can,Shrubbery Trash Cans,1,37.7865951722,-122.432329724
Trash Can,Non-Landscaped Greenspace Trash Can,1,37.7863428153,-122.432258707
Trash Can,Mulch Pathway Trash Cans,1,37.7624873522,-122.406103669
Trash Can,Corwin Community Garden Trash Cans,1,37.7573640595,-122.440194014
Trash Can,Asphalt Path Trash Cans,1,37.7964875513,-122.417497076
Trash Can,Children's Play Area Trash Can,1,37.7127242399,-122.408987268
Trash Can,Softball Field Trash Cans,3,37.7913142993,-122.452232296
Trash Can,Softball Field Trash Cans,3,37.7913043527,-122.45222815
Trash Can,Softball Field Trash Cans,3,37.7912905711,-122.452222933
Trash Can,Picnic Area Trash Cans,2,37.7912618067,-122.453640665
Trash Can,Picnic Area Trash Cans,2,37.7912717895,-122.453639961
Trash Can,Children's Play Area Trash Cans,2,37.791150074,-122.453932958
Trash Can,Children's Play Area Trash Cans,2,37.7909557173,-122.453876135
Trash Can,Tennis Court 4 Trash Cans,1,37.7911529938,-122.454221028
Trash Can,Basketball Court Trash Cans,1,37.7912852056,-122.454325054
Trash Can,Tennis Court 2 Trash Cans,1,37.7913326893,-122.454554928
Trash Can,Children's Play Area Trash Cans,1,37.7590241115,-122.418358201
Trash Can,DG Pathways Trash Cans,2,37.7589944559,-122.418204327
Trash Can,DG Pathways Trash Cans,2,37.7588685479,-122.418230713
Trash Can,Concrete Pathway Trash Cans,5,37.7545845268,-122.41337355
Trash Can,Concrete Pathway Trash Cans,5,37.754537849,-122.413527642
Trash Can,Children's Play Area Trash Cans,1,37.7544629291,-122.413783486
Trash Can,Concrete Pathway Trash Cans,5,37.7543094587,-122.413707007
Trash Can,Ramp Trash Can,1,37.754243905,-122.414026879
Trash Can,Concrete Pathway Trash Cans,5,37.7542824787,-122.413830393
Trash Can,Concrete Pathway Trash Cans,5,37.7542823227,-122.413840001
Trash Can,Shrubbery Trash Cans,1,37.7492260792,-122.422408239
Trash Can,Concrete Pathway Trash Cans,1,37.7497173232,-122.42176614
Trash Can,Children's Play Area Trash Cans,1,37.795909491,-122.410456092
Trash Can,Concrete Hardscaped Area Trash Cans,2,37.7958101445,-122.410459791
Trash Can,Concrete Hardscaped Area Trash Cans,2,37.7958738844,-122.410421864
Trash Can,Perennial Bed Trash Cans,2,37.7959786096,-122.410275402
Trash Can,Perennial Bed Trash Cans,2,37.7959629284,-122.410375095
Trash Can,Perennial Bed Trash Cans,3,37.765520536,-122.410170579
Trash Can,Perennial Bed Trash Cans,3,37.7655436847,-122.409788933
Trash Can,Asphalt Pathway Trash Cans,2,37.7654458555,-122.409779494
Trash Can,Turf Trash Cans,7,37.7654989179,-122.409301493
Trash Can,Turf Trash Cans,7,37.7654397229,-122.409289998
Trash Can,Asphalt Pathway Trash Cans,2,37.7654530188,-122.408809774
Trash Can,Turf Trash Cans,7,37.7650044413,-122.40866794
Trash Can,Turf Trash Cans,7,37.7648036808,-122.408842303
Trash Can,Turf Trash Cans,7,37.7647979174,-122.409258745
Trash Can,Turf Trash Cans,7,37.7648084312,-122.409082243
Trash Can,Turf Trash Cans,7,37.7647041479,-122.408754972
Trash Can,Picnic Area Trash Cans,2,37.7646039766,-122.409688426
Trash Can,Picnic Area Trash Cans,2,37.7645846069,-122.409538443
Trash Can,Perennial Bed Trash Cans,3,37.7654261573,-122.410343615
Trash Can,Multi-Use Paved Play Areas Trash Cans,3,37.7849311863,-122.415504773
Trash Can,Multi-Use Paved Play Areas Trash Cans,3,37.7847297107,-122.415397151
Trash Can,Multi-Use Paved Play Areas Trash Cans,3,37.7847763432,-122.415091077
Trash Can,Preschool Children's Play Area Trash Cans,2,37.7828165285,-122.415905587
Trash Can,Preschool Children's Play Area Trash Cans,2,37.7826918922,-122.415902371
Trash Can,Children's Play Area Trash Cans,2,37.7855174301,-122.418151328
Trash Can,Children's Play Area Trash Cans,2,37.7852765465,-122.418206362
Trash Can,Perennial Bed Trash Cans,2,37.7853811437,-122.41808558
Trash Can,Perennial Bed Trash Cans,2,37.7854188602,-122.418091415
Trash Can,Concrete Pathway Trash Cans,3,37.7786025695,-122.406517676
Trash Can,Perennial Bed Trash Cans,1,37.7786281966,-122.406365302
Trash Can,Concrete Pathway Trash Cans,3,37.7785440591,-122.40611829
Trash Can,Turf Trash Cans,1,37.7783216819,-122.406244973
Trash Can,Concrete Pathway Trash Cans,3,37.7785909962,-122.406010593
Trash Can,Turf Trash Cans,13,37.7820373371,-122.393461404
Trash Can,Turf Trash Cans,13,37.7819276986,-122.393617219
Trash Can,Turf Trash Cans,13,37.7818071601,-122.393784568
Trash Can,Turf Trash Cans,13,37.7817119203,-122.393960998
Trash Can,Turf Trash Cans,13,37.7816303418,-122.394013054
Trash Can,Turf Trash Cans,13,37.7815929641,-122.394138706
Trash Can,Turf Trash Cans,13,37.7815887142,-122.393794184
Trash Can,Turf Trash Cans,13,37.7814682306,-122.393958158
Trash Can,Turf Trash Cans,13,37.7814054866,-122.394029113
Trash Can,Turf Trash Cans,13,37.7814190141,-122.394270748
Trash Can,Turf Trash Cans,13,37.7813448298,-122.394386969
Trash Can,Turf Trash Cans,13,37.7812586238,-122.394501197
Trash Can,Turf Trash Cans,13,37.7811505009,-122.394562558
Trash Can,Brick Pathway Trash Cans,10,37.7847139253,-122.411690325
Trash Can,Brick Pathway Trash Cans,10,37.7846200454,-122.411779499
Trash Can,Brick Pathway Trash Cans,10,37.7843323638,-122.412087572
Trash Can,Brick Pathway Trash Cans,10,37.7842662367,-122.412180852
Trash Can,Brick Pathway Trash Cans,10,37.7843785317,-122.412173566
Trash Can,Brick Pathway Trash Cans,10,37.7842875418,-122.412361189
Trash Can,Brick Pathway Trash Cans,10,37.784241976,-122.412348708
Trash Can,Brick Pathway Trash Cans,10,37.7842320736,-122.412295308
Trash Can,Brick Pathway Trash Cans,10,37.7841495429,-122.412403996
Trash Can,Brick Pathway Trash Cans,10,37.7841918344,-122.412286358
Trash Can,Concrete Pathway Trash Cans,2,37.7786900158,-122.418042397
Trash Can,Hardscaped Area Trash Cans,19,37.7790471974,-122.418135966
Trash Can,Hardscaped Area Trash Cans,19,37.7791366312,-122.417815906
Trash Can,Hardscaped Area Trash Cans,19,37.7787726925,-122.417679034
Trash Can,DG Paths Trash Cans,2,37.7788887413,-122.417164037
Trash Can,Hardscaped Area Trash Cans,19,37.7791835386,-122.417288647
Trash Can,DG Paths Trash Cans,2,37.7791916472,-122.417065786
Trash Can,Concrete Pathway Trash Cans,2,37.7792509977,-122.416934488
Trash Can,Hardscaped Area Trash Cans,19,37.7792781452,-122.418032256
Trash Can,Turf Trash Cans,3,37.7793689881,-122.417604439
Trash Can,Turf Trash Cans,3,37.7793372177,-122.417287477
Trash Can,Hardscaped Area Trash Cans,19,37.7795681125,-122.418089529
Trash Can,Hardscaped Area Trash Cans,19,37.7795788624,-122.417624833
Trash Can,Hardscaped Area Trash Cans,19,37.7797128645,-122.418250965
Trash Can,Hardscaped Area Trash Cans,19,37.780098842,-122.418323296
Trash Can,Hardscaped Area Trash Cans,19,37.7801241072,-122.418097774
Trash Can,Hardscaped Area Trash Cans,19,37.7797494985,-122.417949825
Trash Can,Turf Trash Can,3,37.7266264544,-122.500790826
Trash Can,Turf Trash Can,3,37.7266092194,-122.500818505
Trash Can,Turf Trash Can,3,37.7266315618,-122.500819107
Trash Can,Asphalt Pathway Trash Can,3,37.7254831977,-122.499669402
Trash Can,Asphalt Pathway Trash Can,3,37.7254933148,-122.499655979
Trash Can,Concrete Hardscaped Area Trash Cans,1,37.7641993863,-122.420258579
Trash Can,Hardscaped Area Trash Cans,19,37.7800968177,-122.417987971
Trash Can,Hardscaped Area Trash Cans,19,37.7801172703,-122.417638647
Trash Can,Hardscaped Area Trash Cans,19,37.7799111281,-122.417350336
Trash Can,Hardscaped Area Trash Cans,19,37.7799286828,-122.417440223
Trash Can,Hardscaped Area Trash Cans,19,37.7801363898,-122.417825233
Trash Can,Hardscaped Area Trash Cans,19,37.7798804439,-122.417140223
Trash Can,Hardscaped Area Trash Cans,19,37.7801241135,-122.417389288
Trash Can,Turf Trash Cans,3,37.7796625152,-122.417174706
Trash Can,Concrete Pathway Trash Can,2,37.7095537495,-122.446684478
Trash Can,Concrete Hardscaped Area Trash Cans,3,37.7959347066,-122.420474612
Trash Can,Concrete Hardscaped Area Trash Cans,3,37.7957081616,-122.420710688
Trash Can,Concrete Hardscaped Area Trash Cans,3,37.7959147198,-122.420844476
Trash Can,Tennis Court Trash Cans,1,37.7957865801,-122.420953773
Trash Can,Asphalt Pathway Trash Can,7,37.737995147,-122.506780447
Trash Can,Asphalt Pathway Trash Can,7,37.7417086823,-122.507311406
Trash Can,Asphalt Pathway Trash Can,7,37.7454276246,-122.507744892
Trash Can,Asphalt Pathway Trash Can,7,37.7491544832,-122.508232407
Trash Can,Asphalt Pathway Trash Can,7,37.7528810731,-122.508746377
Trash Can,Asphalt Pathway Trash Can,7,37.7565981731,-122.509210527
Trash Can,Asphalt Pathway Trash Can,7,37.7603049852,-122.50973486
Trash Can,Pro Shop Trash Can,3,37.7698415373,-122.459610417
Trash Can,Pro Shop Trash Can,3,37.7698584816,-122.459675014
Trash Can,Pro Shop Trash Can,3,37.769959569,-122.459626361
Trash Can,Tennis Court Trash Can,9,37.7700032835,-122.459541651
Trash Can,Tennis Court Trash Can,9,37.7700574757,-122.458590692
Trash Can,Tennis Court Trash Can,9,37.7704080859,-122.458612768
Trash Can,Tennis Court Trash Can,9,37.7703468782,-122.459561573
Trash Can,Tennis Court Trash Can,9,37.7705514056,-122.459039944
Trash Can,Tennis Court Trash Can,9,37.7707748788,-122.458126379
Trash Can,Tennis Court Trash Can,1,37.7705561982,-122.459264228
Trash Can,Tennis Court Trash Can,9,37.7706134745,-122.458563133
Trash Can,Asphalt Pathway Trash Cans,1,37.8011891031,-122.416902462
Trash Can,Basketball Half-Court Trash Cans,1,37.8011026728,-122.416689573
Trash Can,DG Pathway Trash Cans,2,37.8010712482,-122.417089942
Trash Can,DG Pathway Trash Cans,2,37.800923581,-122.417051515
Trash Can,Synthetic Field Soccer/Football Trash Cans,3,37.7391589976,-122.385600479
Trash Can,Synthetic Field Soccer/Football Trash Cans,3,37.7391004945,-122.385495655
Trash Can,Synthetic Field Soccer/Football Trash Cans,3,37.7389958795,-122.385309288
Trash Can,Tot's Play Area Trash Cans,1,37.7380282417,-122.384237591
Trash Can,Children's Play Area Trash Cans,1,37.7381645079,-122.384041261
Trash Can,Picnic Area Trash Cans,1,37.7383474988,-122.384002269
Trash Can,Concrete Pathway Trash Cans,1,37.7384096503,-122.38376502
Trash Can,Adam Rodgers Trash Cans,1,37.7309532196,-122.383967667
Trash Can,Adam Rodgers Lawn Trash Cans,2,37.7308417727,-122.383735379
Trash Can,Adam Rodgers Lawn Trash Cans,2,37.7305260276,-122.383588714
Trash Can,Turf Trash Cans,3,37.8068415072,-122.44677105
Trash Can,Turf Trash Cans,3,37.8069470927,-122.44635571
Trash Can,Turf Trash Cans,3,37.8071693745,-122.445503949
Trash Can,Sunnydale/Mansell Picnic Area Trash Can,1,37.7172304545,-122.425439077
Trash Can,West Turf Trash Cans,1,37.7175673089,-122.425766114
Trash Can,Wilde Reservoir Picnic Area Trash Can,1,37.7190388892,-122.409125264
Trash Can,East Turf Trash Can,3,37.7185663894,-122.410180873
Trash Can,East Turf Trash Can,3,37.7184953828,-122.410460629
Trash Can,Wilde Reservoir Picnic Area 2 Trash Can,2,37.7185171785,-122.411198342
Trash Can,Wilde Reservoir Picnic Area 2 Trash Can,2,37.7185071929,-122.41109847
Trash Can,Natural Area Trash Can,1,37.7179905648,-122.412346707
Trash Can,West Non-Landscaped Greenspace Trash Can,1,37.7173467589,-122.424294133
Trash Can,Mansell Tennis Courts Picnic Area Trash Can,2,37.7200225242,-122.412828229
Trash Can,Mansell Tennis Courts Picnic Area Trash Can,2,37.720092887,-122.412661187
Trash Can,East Turf Trash Can,3,37.7195705103,-122.413510882
Trash Can,Concrete Path Trash Cans,5,37.7855363173,-122.499843389
Trash Can,Concrete Path Trash Cans,5,37.7856098532,-122.499630319
Trash Can,Concrete Path Trash Cans,5,37.7856618726,-122.499134359
Trash Can,Concrete Path Trash Cans,5,37.7852823646,-122.499256771
Trash Can,Concrete Path Trash Cans,5,37.7850695645,-122.49939125
Trash Can,DG Pathway Trash Can,5,37.7122954786,-122.489090784
Trash Can,DG Pathway Trash Can,5,37.7124709644,-122.488741001
Trash Can,DG Pathway Trash Can,5,37.7085125971,-122.486136219
Trash Can,DG Pathway Trash Can,5,37.7131422845,-122.486009345
Trash Can,DG Pathway Trash Can,5,37.7127455745,-122.485700828
Trash Can,Boathouse Picnic Area Trash Can,7,37.7267314304,-122.500162199
Trash Can,Boathouse Picnic Area Trash Can,7,37.7267220417,-122.500344874
Trash Can,Boathouse Picnic Area Trash Can,7,37.726713998,-122.499872386
Trash Can,Boathouse Picnic Area Trash Can,7,37.7266799049,-122.499658641
Trash Can,Boathouse Picnic Area Trash Can,7,37.7266064441,-122.499459665
Trash Can,Boathouse Picnic Area Trash Can,7,37.7264129555,-122.499171274
Trash Can,Boathouse Picnic Area Trash Can,7,37.726203279,-122.499013488
Trash Can,Asphalt Pathway Trash Can,3,37.7266508192,-122.500590085
Trash Can,Asphalt Hardscaped Area Trash Cans,4,37.7142433293,-122.450064574
Trash Can,Asphalt Hardscaped Area Trash Cans,4,37.714234682,-122.450054171
Trash Can,Asphalt Hardscaped Area Trash Cans,4,37.7142245664,-122.450043729
Trash Can,Asphalt Hardscaped Area Trash Cans,4,37.7142159345,-122.450032401
Trash Can,Soccer - Trash Cans,,37.7144308377,-122.429050263
Trash Can,Turf - Trash Cans,4,37.7140622848,-122.429869637
Trash Can,Turf - Trash Cans,4,37.7136311746,-122.430009088
Trash Can,Turf - Trash Cans,4,37.7133148041,-122.430145239
Trash Can,Turf - Trash Cans,4,37.7131242174,-122.428081528
Trash Can,Turf - Trash Cans,4,37.713199494,-122.428052097
Trash Can,Turf - Trash Cans,4,37.7139860234,-122.427827702
Trash Can,Turf - Trash Cans,4,37.7142332286,-122.427652086
Trash Can,Skatepark - Trash Cans,3,37.7137452235,-122.42767229
Trash Can,Skatepark - Trash Cans,3,37.713757271,-122.42767092
Trash Can,Skatepark - Trash Cans,3,37.7137707095,-122.427666223
Trash Can,Turf - Trash Cans,4,37.7144334283,-122.428727897
Trash Can,Turf - Trash Cans,4,37.7143523146,-122.42837763
Trash Can,Turf - Trash Cans,4,37.7136402795,-122.427879809
Trash Can,Turf - Trash Cans,4,37.7130826028,-122.428073904
Picnic Table,Spreckels Lake Picnic Table,1,37.7716682573,-122.494941862
Trash Can,Spreckels Lake Trash Can,1,37.7716809874,-122.49489414
Trash Can,Spreckels Lake Trash Can,1,37.7709488406,-122.495604436
Trash Can,Graham Field Trash Can,4,37.7675398445,-122.465771319
Trash Can,Graham Field Trash Can,4,37.7675919034,-122.465662781
Trash Can,Graham Field Trash Can,4,37.7679385359,-122.465097434
Trash Can,Graham Field Trash Can,4,37.767833278,-122.465755433
Trash Can,Nealon Field Trash Can,3,37.7681025924,-122.464507901
Trash Can,Nealon Field Trash Can,3,37.768133264,-122.463990698
Trash Can,Handball/Raquetball Trash Can,1,37.7685701355,-122.464941872
Trash Can,Nealon Field Trash Can,3,37.7683210283,-122.464244048
Trash Can,Nursery & Maintenance Yard Trash Can,1,37.766988072,-122.462247972
Trash Can,Rose Garden Trash Can,1,37.7720397044,-122.47116295
Trash Can,Fulton CPA Trash Can,3,37.7730766429,-122.467594749
Trash Can,Fulton CPA Trash Can,3,37.77268343,-122.467866709
Trash Can,Fulton CPA Trash Can,3,37.7726841318,-122.467824671
Trash Can,Alley of Humanitarians Trash Can,1,37.7726203682,-122.464356369
Trash Can,Asphalt Pathway Trash Can,1,37.7697897709,-122.46043952
Trash Can,Lawn Trash Can,13,37.7729220955,-122.445461791
Trash Can,Lawn Trash Can,13,37.7730025856,-122.444567701
Trash Can,Lawn Trash Can,13,37.7730967177,-122.443842557
Trash Can,Lawn Trash Can,13,37.773124641,-122.443003287
Trash Can,Lawn Trash Can,13,37.773278048,-122.441957296
Trash Can,Lawn Trash Can,13,37.7717229927,-122.452706956
Trash Can,Lawn Trash Can,13,37.7715711185,-122.451798777
Trash Can,Lawn Trash Can,13,37.7716949331,-122.449792387
Trash Can,Lawn Trash Can,13,37.7719136639,-122.448821844
Trash Can,Lawn Trash Can,13,37.7721525425,-122.447497355
Trash Can,Lawn Trash Can,13,37.7725725315,-122.447766708
Trash Can,Lawn Trash Can,13,37.7722341278,-122.44761064
Trash Can,Lawn Trash Can,13,37.772665777,-122.447318556
Trash Can,Kezar Stadium Trash Can,3,37.7662953082,-122.455503087
Trash Can,Kezar Stadium Trash Can,3,37.7662959877,-122.455236448
Trash Can,Kezar Stadium Trash Can,3,37.7664483895,-122.454798825
Trash Can,Oak Woodland Trash Can,1,37.7739161966,-122.456354729
Trash Can,Hayes Street Entrance Trash Can,1,37.7728993644,-122.454700242
Trash Can,Haight St Entrance Trash Can,2,37.7692191415,-122.453853392
Trash Can,Sharon Meadow Trash Can,10,37.7689571209,-122.456243607
Trash Can,Sharon Meadow Trash Can,10,37.7692260925,-122.456445396
Trash Can,Sharon Meadow Trash Can,10,37.7695716826,-122.458016794
Trash Can,Sharon Meadow Trash Can,10,37.7694783366,-122.458097779
Trash Can,Sharon Meadow Trash Can,10,37.7695516904,-122.457891097
Trash Can,Little Rec Trash Can,1,37.7688188526,-122.456592288
Trash Can,Sharon Meadow Trash Can,10,37.7694162145,-122.458735893
Trash Can,Trash Can @ Transverse & Middle,1,37.7679611498,-122.479998045
Trash Can,25th & JFK Trash Can,2,37.766636614,-122.482275125
Trash Can,Glen Eagle Trash Can,4,37.7673573095,-122.485547708
Trash Can,Strawberry Hill Trash Can,2,37.768805161,-122.474593526
Trash Can,Strawberry Hill Trash Can,2,37.768432047,-122.473664435
Trash Can,Stow Lake Trash Can,8,37.7696502964,-122.477661931
Trash Can,Boathouse Trash Can,3,37.7706431342,-122.477375561
Trash Can,Stow Lake Trash Can,8,37.7664041096,-122.476770068
Trash Can,Stow Lake Trash Can,8,37.7664252789,-122.476641499
Trash Can,Stow Lake Trash Can,8,37.7664146249,-122.476709947
Trash Can,Stow Lake Trash Can,8,37.7664197282,-122.476676759
Trash Can,Stow Lake Trash Can,8,37.7664091169,-122.476742604
Trash Can,Stow Lake Trash Can,8,37.7673525387,-122.476591013
Trash Can,Stow Lake Trash Can,8,37.7673838353,-122.474154864
Trash Can,North Lake Trash Can,3,37.7685723674,-122.502705812
Trash Can,North Lake Trash Can,3,37.7696525147,-122.503300472
Trash Can,North Lake Trash Can,3,37.7684972697,-122.500991719
Trash Can,Bercut Picnic Trash Can,2,37.7670385317,-122.501596837
Trash Can,South Lake Trash Can,1,37.7651103616,-122.4991102
Trash Can,South Lake Parking Lot Trash Can,1,37.7660993699,-122.499610258
Trash Can,Beach Chalet DG Path Trash Can,2,37.7651197119,-122.509607092
Trash Can,Lincoln Ave CPA Trash Can,2,37.7645415123,-122.505086385
Trash Can,Lincoln Ave CPA Trash Can,2,37.7645399967,-122.505055482
Trash Can,Beach Chalet DG Path Trash Can,2,37.7674905233,-122.509922053
Trash Can,Chalet Clubhouse Trash Can,4,37.7674025189,-122.507823185
Trash Can,Chalet Clubhouse Trash Can,4,37.7674293776,-122.507826995
Trash Can,Chalet Clubhouse Trash Can,4,37.7674488972,-122.507830606
Trash Can,Chalet Clubhouse Trash Can,4,37.7674660227,-122.507831069
Trash Can,Dutch Windmill Trash Can,1,37.7701249288,-122.50946551
Trash Can,Bercut Picnic Trash Can,2,37.766493358,-122.50247883
Trash Can,Beach Chalet Trash Can,1,37.7694236207,-122.510368122
Trash Can,Lloyd Lake Trash Can,1,37.7701550939,-122.481804368
Trash Can,Boathouse Trash Can,3,37.7706511237,-122.47729539
Trash Can,Boathouse Trash Can,3,37.7706313916,-122.477374567
Trash Can,Glen Eagle Trash Can,4,37.7673797702,-122.485552677
Trash Can,Glen Eagle Trash Can,4,37.7674017885,-122.48558385
Trash Can,Glen Eagle Trash Can,4,37.7673455791,-122.485523365
Trash Can,25th & JFK Trash Can,2,37.7666173267,-122.482287718
Trash Can,Sharon Meadow Trash Can,10,37.7695890693,-122.457275505
Trash Can,East Entrance Bathroom Trash Can,1,37.7701480797,-122.454901968
Trash Can,Concrete Pathway Trash Cans,3,37.8017056898,-122.447917672
Trash Can,Concrete Pathway Trash Cans,3,37.8016761048,-122.447962671
Trash Can,Concrete Pathway Trash Cans,3,37.8017323338,-122.447703047
Trash Can,Asphalt Hardscaped Area Trash Cans,10,37.8019331276,-122.447423456
Trash Can,Asphalt Hardscaped Area Trash Cans,10,37.8019434948,-122.447363341
Trash Can,Asphalt Hardscaped Area Trash Cans,10,37.8021486232,-122.44713709
Trash Can,Asphalt Hardscaped Area Trash Cans,10,37.8022036373,-122.447115961
Trash Can,Asphalt Hardscaped Area Trash Cans,10,37.8026621481,-122.447037921
Trash Can,Asphalt Hardscaped Area Trash Cans,10,37.8026975656,-122.447076806
Trash Can,Asphalt Hardscaped Area Trash Cans,10,37.8030093617,-122.447104661
Trash Can,Asphalt Hardscaped Area Trash Cans,10,37.8031381668,-122.447135373
Trash Can,Turf Trash Cans,1,37.8041467799,-122.447413767
Trash Can,Perennial Bed Trash Cans,3,37.8027665277,-122.448933776
Trash Can,Asphalt Hardscaped Area Trash Cans,10,37.8040367056,-122.448668753
Trash Can,Asphalt Hardscaped Area Trash Cans,10,37.8040136524,-122.448753454
Trash Can,Perennial Bed Trash Cans,3,37.8035704568,-122.448752786
Trash Can,Brick Pathway Trash Cans,4,37.7758704053,-122.424470426
Trash Can,Brick Pathway Trash Cans,4,37.7759062438,-122.424257888
Trash Can,Brick Pathway Trash Cans,4,37.7761789718,-122.42432389
Trash Can,Picnic Area Trash Cans,1,37.7764364782,-122.424555074
Trash Can,Brick Pathway Trash Cans,4,37.7762972994,-122.424347223
Trash Can,Sidewalk Trash Cans,1,37.7794789616,-122.43352327
Trash Can,Concrete Pathway Trash Cans,1,37.7800767017,-122.428680612
Trash Can,Concrete Pathway McAllister/Fulton Trash Can,1,37.7789770872,-122.428475621
Trash Can,Concrete Plaza Trash Cans,4,37.7850279144,-122.429497991
Trash Can,Concrete Plaza Trash Cans,4,37.7850363082,-122.429996748
Trash Can,Concrete Plaza Trash Cans,4,37.7852714932,-122.430042084
Trash Can,Concrete Plaza Trash Cans,4,37.7852588207,-122.429963711
Trash Can,Archery Field Trash Can,1,37.770387066,-122.507794047
Trash Can,Urban Forestry Trash Can,1,37.7682926662,-122.483772838
Trash Can,Concrete Pathway Trash Can,18,37.7951506911,-122.405379426
Trash Can,Concrete Pathway Trash Can,18,37.7950255785,-122.405671496
Trash Can,Concrete Pathway Trash Can,18,37.7949390886,-122.405658877
Trash Can,Concrete Pathway Trash Can,18,37.7948147217,-122.405645532
Trash Can,Concrete Pathway Trash Can,18,37.7945266965,-122.405611558
Trash Can,Concrete Pathway Trash Can,18,37.7945199197,-122.405610482
Trash Can,Concrete Pathway Trash Can,18,37.7945725744,-122.405022522
Trash Can,Concrete Pathway Trash Can,18,37.7947221366,-122.405083113
Trash Can,Concrete Pathway Trash Can,18,37.7949986436,-122.405131196
Trash Can,Concrete Pathway Trash Can,18,37.7949373948,-122.405355238
Trash Can,Concrete Pathway Trash Can,18,37.7951908615,-122.405140156
Trash Can,Concrete Pathway Trash Can,18,37.7950881676,-122.405107799
Trash Can,Concrete Pathway Trash Can,18,37.7947166287,-122.405630852
Trash Can,Concrete Pathway Trash Can,18,37.7946850221,-122.405350673
Trash Can,Concrete Pathway Trash Can,18,37.7945126944,-122.405315975
Trash Can,Concrete Pathway Trash Can,18,37.7949247627,-122.405119958
Trash Can,Concrete Pathway Trash Can,18,37.7951370103,-122.405395515
Trash Can,Concrete Pathway Trash Can,18,37.7951939665,-122.405339986
Trash Can,Perennial Bed Trash Cans,9,37.7698431663,-122.439592596
Trash Can,Haight St Entrance Trash Can,2,37.7692502769,-122.45379647
Trash Can,Sharon Art Studio Trash Can,1,37.7683847744,-122.45818014
CPA Trash Can,CPA Trash Can,1,37.7729305969,-122.498327777
Plastic Totter - 64gal,Concrete Path Plastic Totters,3,37.772972327,-122.499040295
Plastic Totter - 64gal,Concrete Path Plastic Totters,3,37.7729725974,-122.499031365
Plastic Totter - 64gal,Concrete Path Plastic Totters,3,37.7729730913,-122.499023343
Trash Receptacle,Softball Field Trash Can,1,37.7291887967,-122.41020738
Trash Can,Softball Field Trash Can,1,37.72918464,-122.40877192
Trash Can,Joe Gaggero Sr. Field Trash Cans,2,37.7299568101,-122.409091224
Trash Can,Joe Gaggero Sr. Field Trash Cans,2,37.730036342,-122.40929667
Trash Can,Tennis Court 2 Trash Can,1,37.7569199634,-122.486580576
Trash Can,Tennis Court 2 Trash Can,1,37.7569737592,-122.487073031
Trash Can,Tennis Court 2 Trash Can,1,37.7565148422,-122.486900086
Trash Can,Tennis Court 2 Trash Can,1,37.7570442539,-122.487151813
Trash Can,Tennis Court 2 Trash Can,1,37.7560767658,-122.486463998
Trash Can,Tennis Court 2 Trash Can,1,37.7557970429,-122.486790489
Trash Can,Trash Cans,7,37.7759007226,-122.427410203
Trash Can,Trash Cans,7,37.7758954904,-122.427450203
Trash Can,Trash Cans,7,37.775896383,-122.427442295
Trash Can,Trash Cans,7,37.7758970847,-122.427434383
Trash Can,Trash Cans,7,37.7758983623,-122.427426244
Trash Can,Trash Cans,7,37.775899636,-122.427418346
Trash Can,Trash Cans,7,37.7761338871,-122.427772469
Lincoln Park CPA Trash Can,CPA Trash Cans,2,37.7819741627,-122.493635357
Lincoln Park CPA Trash Can,CPA Trash Cans,2,37.7818450176,-122.493481671
Trash Can 5,Trash Can 5,1,37.7504191342,-122.498105487
Trash Can 4,Trash Can 4,1,37.7507203682,-122.497721679
Trash Can 3,Trash Can 3,1,37.7506739657,-122.498011435
Trash Can 2,Trash Can 2,1,37.7508324578,-122.498283276
Trash Can 1,Trash Can 1,1,37.7510346141,-122.497794096
Trash Can,Skatepark - Trash Cans,3,37.7125672383,-122.429427509
Trash Can,Skatepark - Trash Cans,3,37.7125075934,-122.429147052
Trash Can,Skatepark - Trash Cans,3,37.7124385924,-122.428803677
Trash Can,Trash Can,4,37.731964551,-122.440750579
Trash Can,Skatepark - Trash Cans,3,37.7138888229,-122.427690275
Trash Can,Skatepark - Trash Cans,3,37.7145099769,-122.429716684
Trash Can,Skatepark - Trash Cans,3,37.7137084866,-122.429949406
Trash Can,Skatepark - Trash Cans,3,37.7138166269,-122.429901932
Trash Can,Skatepark - Trash Cans,3,37.7135393366,-122.427936183
Trash Can,Skatepark - Trash Cans,3,37.7136337524,-122.428382867
Trash Can,Skatepark - Trash Cans,3,37.7137396391,-122.428888553
Turf - Trash Can,Turf - Trash Cans,4,37.7144308377,-122.429050263
Trash Can,Turf - Trash Cans,4,37.7140622848,-122.429869637
Trash Can,Turf - Trash Cans,4,37.7136311746,-122.430009088
Trash Can,Turf - Trash Cans,4,37.7133148041,-122.430145239
Trash Can,Skatepark - Trash Cans,3,37.7137707095,-122.427666223
Trash Can,Skatepark - Trash Cans,3,37.7141887664,-122.427854297
Trash Can,Skatepark - Trash Cans,3,37.714349574,-122.428611571
Trash Can,Trash Can,4,37.7319326225,-122.440738966
Trash Can,Trash Can,4,37.7316842178,-122.440739625
Trash Can,Trash Can,4,37.7317534352,-122.440848421
Trash Can,Trash Can,3,37.7422798416,-122.464946448
Trash Can,Trash Can,3,37.7418952528,-122.465277601
Trash Can,Trash Can,3,37.7418017326,-122.465123879
Brooks:  Trash,Trash,1,37.7178537654,-122.466205538
Trash/Recycling,Trash/Recycling Can,6,37.7150508098,-122.458853247
Trash/Recycling,Trash/Recycling Can,6,37.7150877805,-122.456252039
Trash/Recycling,Trash/Recycling Can,6,37.7150731312,-122.456362339
Trash/Recycling,Trash/Recycling Can,6,37.7151396579,-122.456279894
Trash/Recycling,Trash/Recycling Can,6,37.7160729012,-122.457444532
Trash/Recycling,Trash/Recycling Can,6,37.7151367675,-122.458883876
Trash Can,Concrete Pathway Trash Can,4,37.769869522,-122.431975101
Trash can,DPA Trash Can,1,37.7875057101,-122.467064395
Trash Can,Trash Can 7,1,37.7868731647,-122.470429689